"1"	"Keanu Reeves Holds Hands with Artist Alexandra Grant on the Red Carpet"	"movies-celebrity"	"Keanu Reeves Holds Hands with Frequent Collaborator and Artist"
"1"	"Italian Government Confiscates Prosecco-Flavored Pringles for Ridiculous Reason"	"foodnews"	"Pringles' Prosecco & Pink Peppercorn flavor was pulled from a supermarket in Veneto, despite its legit ingredient list."
"1"	"Steelers linebacker Anthony Chickillo placed on exempt list because of assault charge"	"football_nfl"	"Chickillo was recently charged with simple assault, criminal mischief and harassment after an alleged incident with his girlfriend."
"1"	"Family of 12-year-old boy forcefully arrested and covered with spit mask file claim against Sacramento"	"newsus"	"Attorneys representing the family of a 12-year-old boy who was forcefully arrested in April have filed a claim against the city of Sacramento, Sacramento Police Department and the involved officers. Attorneys Mark T. Harris and Dale K. Galipo filed the claim Friday morning, alleging that the boy was arrested without probable cause and that the city and police department were negligent; caused the boy, his sister and his mother emotional..."
"1"	"Body Found on Angeles Crest Highway in Pasadena Area; Homicide Investigation Underway"	"newscrime"	"Police have launched a homicide investigation after a motorist reported seeing a body on the Angeles Crest Highway in the Pasadena area early Wednesday. Los Angeles County sheriff's deputies initially responded to the scene just after 1 a.m. before handing over the case to Pasadena officials, which have jurisdiction of the stretch of the highway where the remains were found, Pasadena police ..."
"1"	"Police find 26 children behind false wall at Colorado day care"	"newscrime"	"The state of Colorado has suspended the license for Play Mountain Place daycare in Colorado Springs after they uncovered 26 children behind a false wall in the owner's basement, all under the age of three-years-old."
"1"	"Injured Cowboys DL Daniel Ross arrested on drug, gun charges"	"football_nfl"	"Cowboys defensive lineman Daniel Ross won't play this season after being placed on injured reserve in August because of a shoulder injury and any future availability may be impacted by a suspension. Ross was arrested on Wednesday morning in Frisco, Texas. The Frisco police department said, via Clarence Hill of the Fort Worth Star-Telegram, that [more]"
"0"	"The 5 Secrets to Perfect Pumpkin Pie"	"tipsandtricks"	"Apple cider vinegar works wonders and so does your hand mixer."
"1"	"Convicted murderer Isaac Zamora wants to withdraw guilty pleas"	"newscrime"	"Convicted mass murderer Isaac Zamora, who killed six people in a shooting rampage in 2008, wants to withdraw his guilty pleas. A motion filed by his attorney, Skagit County public defender C. Wesley Richards, claims Zamora only pleaded guilty to avoid the death penalty, and since the death penalty is now considered unconstitutional in the state, he wants a retrial. In ..."
"0"	"What Menopause Does to Women's Brains"	"wellness"	"Two-thirds of Alzheimer's patients are women. My foggy 53-year-old brain could help explain why."
"1"	"Kevin Spacey Won't Be Charged in Sexual Assault Case After Accuser Dies"	"movies-celebrity"	"The Los Angeles County District Attorney's Office has formally dropped a case against actor Kevin Spacey, after the accuser died."
"0"	"Federal Prosecutors Probe Giuliani's Links to Ukrainian Energy Projects"	"newspolitics"	"Federal prosecutors in New York are investigating whether Rudy Giuliani stood to personally profit from a Ukrainian natural-gas business pushed by two associates who also aided his efforts there to launch investigations that could benefit President Trump, people familiar with the matter said."
"1"	"Tourist in Venice kidnaps local woman in row over exchange rate"	"travelnews"	"The 46-year-old Israeli was unhappy about the sum of money he was given, and reacted by locking himself in the currency exhange with the worker"
"1"	"Your DNA Profile is Private? A Florida Judge Just Said Otherwise"	"newsus"	"For police officers around the country, the genetic profiles that 20 million people have uploaded to consumer DNA sites represent a tantalizing resource that could be used to solve cases both new and cold."
"0"	"Pregnant Eva Amurri Martino Reveals Split From Husband Kyle Martino"	"movies-celebrity"	"Eva Amurri announced she and her husband are "lovingly" parting ways after eight years of marriage."
"1"	"'Tarzan' actor's son unarmed when fatally shot by deputies"	"newscrime"	"SANTA BARBARA, Calif. (AP)   Authorities say the son of actor Ron Ely was unarmed when he was fatally shot earlier this month at the "Tarzan" star's home. The Santa Barbara Sheriff's Department says four deputies fired 24 rounds at Cameron Ely, who was being sought on suspicion of fatally stabbing his mother on Oct. 15. The agency said the 30-year-old told deputies he was armed and made motions like he was drawing a weapon when he was shot..."
"1"	"Mama June enters plea in cocaine case..."	"tv-celebrity"	"Mama June was not present at the courthouse, but her lawyer entered a not guilty plea."
"1"	"Sheriff hires corruption investigator accused of posing as deputy in bizarre jail incident"	"newsus"	"A retired Los Angeles County sheriff's homicide detective recently rehired by Sheriff Alex Villanueva to investigate public corruption was temporarily banned from the jails last year after posing as a deputy and bringing contraband for an inmate, according to county records and interviews. Jail officials were so concerned about what authorities described in a memo as numerous policy violations that they posted Mark Lillienfeld's photograph..."
"1"	"Steelers linebacker Anthony Chickillo arrested, facing assault charges"	"football_nfl"	"Chickillo has been charged with simple assault, criminal mischief and harassment. A source told WTAE that the incident involved Chickillo's girlfriend, so it's a domestic violence issue."
"0"	"3 Indiana judges suspended after a night of drinking turned into a White Castle brawl"	"newsus"	"Hours before they were to attend an educational conference in Indianapolis, three judges went out drinking for a few hours and decided to walk to a strip joint."
"1"	"A 13-year-old murder suspect who escaped in North Carolina is back in custody"	"newscrime"	"A 13-year-old murder suspect who escaped from officers following a court appearance in the North Carolina city of Lumberton this week is back in custody, officials said Wednesday."
"1"	"Opinion: Mad at Clippers for sitting Kawhi Leonard? Get used to it"	"basketball_nba"	"The Clippers sat Kawhi Leonard for the second time this week as part of their load management program. It's the new reality in the NBA and its stars."
"1"	"Report: Myles Garrett facing lengthy suspension, could be five games"	"football_nfl"	"Myles Garrett was guilty of one of the most aggressive and dangerous acts we have ever seen on a football field during Monday night's game between the Pittsburgh Steelers and Cleveland Browns."
"1"	"Ronnie Ortiz-Magro allegedly threatened to kill ex during confrontation"	"tv-celebrity"	"An emergency protective order says Ronnie Ortiz-Magro allegedly threatened to kill Jen Harley."
"1"	"Ian Ziering's Wife Erin Ludwig Files for Divorce Days After Split Announcement"	"tv-celebrity"	"Ian Ziering's Wife Erin Ludwig Files for Divorce"
"0"	"Camila Cabello Explains the Sweet Meaning Behind Her First Tattoo"	"music-celebrity"	"The singer is sharing the significance behind her new ink."
"0"	"Court puts hold on Rodney Reed's scheduled execution"	"newscrime"	"With new, compelling evidence in Reed's case, the call to halt his Nov. 20 execution has been building in recent weeks."
"0"	"Darvish doesn't blame 2017 WS struggles vs. Astros on sign-stealing"	"baseball_mlb"	"If anybody has the right to be upset that the Houston Astros allegedly stole signs during the 2017 season, it's Yu Darvish."
"1"	"Eddy Merckx Hospitalized for Serious Head Injury Following Bike Crash"	"more_sports"	"The five-time Tour de France winner was injured Sunday during a bike outing with friends."
"1"	"Orange County man still faces up to 12 years in Vietnamese prison after appeal is denied"	"newsworld"	"The American citizen was "Mr. Mom" to his four daughters in Orange County."
"1"	"Macabre Video of Fake Trump Shooting Media and Critics Is Shown at His Resort"	"newspolitics"	"A video depicting a macabre scene of a fake President Trump shooting, stabbing and brutally assaulting members of the news media and his political opponents was shown at a conference for his supporters at his Miami resort last week, according to footage obtained by The New York Times."
"0"	"California man convicted of torture-murder dies on death row"	"newscrime"	"A 49-year-old inmate convicted of torturing and burning his victim alive has died on California's death row. Prison officials say Spencer Brasure was found unresponsive alone in his San Quentin State Prison cell shortly after midnight Thursday. Officials are awaiting an autopsy to determine the cause of death but say it doesn't appear to be foul play."
"1"	"Man who inherited 6 figures shares advice he'd give his younger self"	"personalfinance"	"Brandon Neth inherited around $123,000 from his late father and grandfather when he was 20. He spent most of it on cars, clothes, and restaurants."
"0"	"20 Tourist Attractions Travel Editors Actually Love Visiting"	"traveltips"	"AFAR is all about traveling deeper, but our editors also love these classic tourist attractions. Here's why we think you should visit them, too. Yes, even Times Square."
"0"	"Bad news, seniors: Your Medicare costs are going up"	"finance-insurance"	"It's probably the last thing enrollees want to hear, but better to know what you're in for."
"0"	"Bold predictions for Week 12 in college football"	"football_ncaa"	"Expect the unexpected in college football each weekend. USA TODAY experts weigh in with their bold predictions for Week 12 of the season."
"1"	"Trump's 'bombshell' offer to family of British teen killed in car crash: Diplomat's wife is in next room"	"newsworld"	""The bombshell was dropped not soon after we walked in the room: Anne Sacoolas was in the building and was willing to meet with us," Dunn's mother said."
"1"	"Adam DeVine Is Engaged to Actress Chloe Bridges! 'Have Fun Planning the Wedding,' He Jokes"	"movies-celebrity"	"Adam DeVine Is Engaged to Actress Chloe Bridges"
"1"	"'Rich Kids' Stars Morgan Stewart and Brendan Fitzpatrick to Divorce After 3 Years of Marriage"	"tv-celebrity"	"ET confirmed earlier this month that Fitzpatrick is now dating 'Bachelor' alum Amanda Stanton."
"0"	"Need Money? Check Out These Side-Hustle Apps"	"finance-billstopay"	"When you need to bring in extra cash, a job app can be your ticket to finding the perfect side hustle."
"1"	"A Military Camera Said 'Made in U.S.A.' The Screen Was in Chinese."	"newsus"	"The surveillance cameras and other equipment that Aventura Technologies sold for years to the United States military looked like solid American products, packaged in boxes with "Made in the U.S.A." labels and stars-and-stripes logos. The items were installed throughout government agencies, including on aircraft carriers and a Department of Energy facility. Then last year, a service member on an Air Force base noticed that an Aventura body camera..."
"1"	"A Divided House Endorses Impeachment Inquiry Into Trump"	"newspolitics"	"A bitterly divided House of Representatives voted Thursday to endorse the Democratic-led impeachment inquiry into President Trump, in a historic action that set up a critical new public phase of the investigation and underscored the political polarization that serves as its backdrop. The vote was 232 to 196 to approve a resolution that sets out rules for an impeachment process for which there are few precedents, and which promises..."
"1"	"Mexico convulsed by second mass shooting in two days"	"newsworld"	"Fifteen people were killed in a gunfight in the southwestern Mexican state of Guerrero"
"1"	"MLB umpire Joe West suing former All-Star Paul Lo Duca for claiming he took bribes"	"baseball_mlb"	"Lo Duca, a four-time All-Star made comments on a podcast earlier this year alleging that the longtime umpire had taken bribes from a teammate."
"0"	"Santa Clarita stunned as school violence comes to their community: 'Now it's us'"	"newsus"	"Kira Hooper sat in the quiet church thinking about how, at only 15, she had to run from school that day, fleeing into a neighborhood where friends driving through the area picked her up. At a vigil Thursday night at Grace Baptist Church in Santa Clarita, Kira prayed, thanking God that she was safe. Many students from Saugus High School came together at the vigil for the first time since a ..."
"1"	"Ben Affleck has a new girlfriend after using the Raya dating app, plus more celeb love life news for late October 2019"	"celebrity"	"Meg Ryan and John Mellencamp call it quits, Halsey and Evan Peters get serious, James McAvoy weds, Meghan King Edmonds accuses hubby of cheating and more."
"0"	"11 Regional Thanksgiving Recipes That Food Bloggers Swear By"	"recipes"	"Turkey may be the quintessential Thanksgiving dish, but it's not the only attraction feasters look forward to on this food coma-inducing holiday. Families nationwide anticipate the annual spread of grandma's best stuffing or dad's secret sweet potato recipe. What many Americans don't realize, though, is these staples can vary drastically by location. In some regions, families pack extra cream in their potatoes. In others, Thanksgiving sides come..."
"1"	"MGIII being linked to Lions and Bills as trade deadline approaches"	"football_nfl"	"It is officially "go big or get off the pot" time for a few teams"
"1"	"NFL players who should be traded before the deadline"	"football_nfl"	"The NFL trade deadline is Oct. 29, and if recent seasons are any indication, there could be plenty of wheeling and dealing. These 25 players are top trade candidates as we get closer to the deadline."
"1"	"Bethenny Frankel Annoyed by Whole Foods' Moldy Mozzarella"	"newstrends"	"Nobody likes moldy cheese, especially Bethenny Frankel! The Real Housewives of New York City alum took to her Instagram Stories to share that she had some beef with Whole Foods following a recent shopping trip."
"1"	"Burning questions for Lions vs Packers on 'Monday Night Football'"	"football_nfl"	"The Green Bay Packers host the Detroit Lions for an NFC North special edition of Monday Night Football to cap off a lively NFL Week 6 slate."
"1"	"Chrissy Teigen Predicts The Office's Jim and Pam Are Divorced Now, Sends Twitter into a Tailspin"	"tv-celebrity"	"Chrissy Teigen Predicts The Office's Jim and Pam Are Divorced"
"1"	"Former Florida cop won't serve jail time after accidentally killing woman, 73, in training exercise"	"newsus"	"A former Florida police officer who accidentally shot and killed a 73-year-old woman during a demonstration will not serve any jail time as part of a plea agreement."
"0"	"Kristen Bell's Cozy Look Is a Lesson in Winter Airport Fashion"	"lifestylecelebstyle"	"Kristen Bell wore the coziest sweater dress, combat boots, and wool coat to the airport, and you can shop her outfit at Nordstrom."
"0"	"Meghan Markle's Lawyers Debunk Multiple False Tabloid Stories in New Court Documents"	"lifestyleroyals"	"False, divisive, and completely untrue."
"0"	"One New Thing to Check Out on Every Hawaiian Island"	"traveltripideas"	"From new stargazing opportunities to exclusive hotel experiences, visitors will love the new things Hawaii offers."
"0"	"Everything You Need to Know About Holiday Shopping at Your Favorite Stores"	"finance-savemoney"	"Make your holiday shopping more efficient with this complete guide."
"1"	"NFL winners, losers: Cowboys need to rebound, Patriots keep winning"	"football_nfl"	"While the Dallas Cowboys need to get back on track, the New England Patriots won Sunday without even playing a game."
"0"	"Brady on Kaepernick workout: 'Pretty cool that he's getting that opportunity'"	"football_nfl"	"Whether this opportunity is something that translates to a real chance for Kaepernick to play in the NFL again remains to be seen."
"0"	"General knowledge quiz: How many questions can you get right?"	"lifestylebuzz"	"A new quiz asking players to correctly answer questions on history, culture and science is putting the internet's general knowledge to the test."
"0"	"Christopher Reeve's Son Remembers Dad 15 Years After His Death: His Legacy 'Will Always Live On'"	"movies-celebrity"	"Christopher Reeve's Son Remembers Dad 15 Years After Death"
"1"	"Drew Brees injury update: Saints QB (thumb) 'plans' to play vs. Cardinals"	"football_nfl"	"Brees has missed the last five games after having surgery on his thumb, but is optimistic he will be back in Week 8."
"0"	"Kate Middleton Shows Off Motherly Side as She Bonds with Families at Opening of Children's Hospice"	"lifestyleroyals"	"Kate Middleton Celebrates Opening of Children's Hospice"
"1"	"Ex-San Bernardino policeman under investigation after shooting man whose hands were in the air"	"newsus"	"San Bernardino, California, police command the man drop his gun and put up his hands. He complies, albeit slowly, but when he refuses orders to stop walking toward officers, one of them shoots him five times in a flash, bodycam footage shows."
"1"	"Hamden cop charged in New Haven shooting"	"newscrime"	"A Hamden police officer is facing charges for his role in the shooting and wounding of a woman who was a passenger in a car stopped in New Haven in April, according to a release from the state Division of Criminal Justice."
"1"	"Lori Harvey arrested for hit and run in Beverly Hills"	"tv-celebrity"	"Reports reveal Steve Harvey's stepdaughter left the accident scene after rolling her Mercedes SUV and that she might have been texting while driving."
"1"	"California man who had body in his vehicle killed four members of his family, police say"	"newscrime"	"Roseville, California officers learned of the man's confession when they received a call from Mt. Shasta police, who detained the suspect after he came in. Police don't believe the quadruple homicide was a random act."
"0"	"Archie's Photo Album: Prince Harry, Duchess Meghan's Royal Baby"	"lifestyleroyals"	"So cute!"
"1"	"Christina Hendricks, Geoffrey Arend Split After 10 Years of Marriage"	"tv-celebrity"	"Christina Hendricks, Geoffrey Arend Split After 10 Years of Marriage"
"1"	"John Krasinski Shares the Secret to His 9-Year Marriage to Emily Blunt"	"movies-celebrity"	"John Krasinski talked to E! News exclusively about how he and Emily Blunt, who share two daughters, maintain a healthy work-life balance."
"1"	"5 should-be sellers at the NFL trade deadline"	"football_nfl"	"The Jets, Dolphins, Redskins, and Bengals all land on our trade deadline sellers list."
"1"	"Parking space sells for almost $1 million"	"markets"	"Businessman Johnny Cheung has reportedly sold a 135-square-foot parking space in Hong Kong for a whopping $969,000 to an as-yet-undentified buyer."
"1"	"Woman, suspect dead at 'Tarzan' actor Ron Ely's California residence"	"tv-celebrity"	"Ron Ely, who portrayed Tarzan in the TV series in the 60s, was not harmed and is alive and well, a sheriff's office spokesman said."
"1"	"The Best Bar to Watch Football in Every State"	"restaurantsandnews"	"It's the early days of football season (and of the hundredth season of the NFL), and in all 32 pro football cities and almost every college town in America, fans are filling stadiums or -- in far greater numbers -- sports bars and similar establishments."
"0"	"I'm A Queer Woman Dating A Trans Man   & No One Knows"	"voices"	"I'm a queer woman partnered with a transgender man, but everyone assumes we're a heterosexual couple. On the surface, we're the quintessential Brooklyn duo: We have tasteful tattoos and piercings, we shop at food co-ops, we attend spin class together, and we're creative yet gainfully employed. But while this relationship afforded me the privilege of banal nonconformity, I lost a piece of myself when I got together with my once-gym buddy, James...."
"1"	"Kate Upton Slams 'Misogynist Comments' After She Weighs in on World Series Game 6 Controversy"	"tv-celebrity"	"Kate Upton Slams 'Misogynist Comments' About Her World Series Tweets"
"0"	"I Overate at Dinner Until I Started Doing This 1 Simple Thing on Sundays (It Takes 10 Minutes!)"	"nutrition"	"Another reason Sunday is the best day to meal prep."
"0"	"Former North Carolina State, NBA player Anthony Grundy dies in stabbing, police say"	"more_sports"	"Anthony Grundy starred at North Carolina State before playing professionally. He was killed in a stabbing Thursday in Louisville."
"1"	"Ronnie Ortiz-Magro hit with 5 misdemeanors for alleged incident"	"tv-celebrity"	"Ronnie Ortiz-Magro dodged felony charges, but was hit with five misdemeanors."
"1"	"Why Patriots are reportedly re-signing Benjamin Watson"	"football_nfl"	"Tom Brady should be pleased."
"1"	"Heidi Klum's 2019 Halloween Costume Transformation Is Mind-Blowing   But, Like, What Is It?"	"lifestylebuzz"	"You might say she's scary good at playing dress-up, because Heidi Klum's 2019 Halloween costume is even more impressive than we could have imagined   and that's saying a lot, considering transformative Halloween costumes are kind of her thing. But this year Klum took it up one more notch as she shared her metamorphosis into,"
"0"	"What 40 Celebrities Look Like Without Their Signature Looks"	"lifestylecelebstyle"	"If you think Taylor Swift is unrecognizable, wait until you see Gwen Stefani."
"0"	"This is it, this is the luckiest break in the history of golf"	"golf"	"Belgium's Thomas Detry was the beneficiary of one of the all-time luckiest bounces you'll ever see in golf, and maybe all of sports."
"0"	"Pittsburgh Steelers quarterback Mason Rudolph on 'TNF' incident: 'I thought it was pretty cowardly'"	"football_nfl_videos"	"Pittsburgh Steelers quarterback Mason Rudolph tell us what he thinks about the "TNF" incident."
"1"	"Thieves in a Penske truck attempt to rob commercial marijuana cultivator in High Desert"	"newscrime"	"A group of thieves tried to rob a commercial marijuana cultivator early Tuesday in Adelanto, then attempted to escape sheriff's deputies in a yellow Penske moving truck they'd planned to use for the heist, authorities said. About 2:37 a.m., the alarm went off at High Caliber Organics, 16176 Beaver Road. The business owner called the San Bernardino County Sheriff's Department after being contacted by his alarm company."
"1"	"Police: Man Shot, Killed In Front Of School By 2 Masked Gunmen In Poplar"	"newscrime"	"Police say two gunmen fired more than two dozen shots."
"1"	"Redskins reportedly calling other teams in an effort to trade Pro Bowl cornerback Josh Norman"	"football_nfl"	"Washington is looking to sell off some pieces at the NFL Trade Deadline"
"1"	"Felicity Huffman Begins Her 2-Week Prison Sentence"	"tvvideos"	"The "Desperate Housewives" star has reported to federal prison to serve out her time for the college admissions scandal. Watch it!"
"1"	"Exclusive: Jayme Closs feeling 'stronger every day' 1 year after kidnapping"	"newsus"	"One year after Jayme Closs was kidnapped as a 13-year-old and held for months by a man who murdered her parents, the teenager says she's feeling "stronger every day.""
"1"	"Yes, Tom Brady's frustrated, and management deserves blame for that"	"football_nfl"	"Poor planning has left Brady with less-than-optimum options to throw the ball to."
"1"	"Opinion: NFL should suspend Browns' Myles Garrett for rest of season   at minimum   for helmet swing"	"football_nfl"	"The Browns won on Thursday, but only in the most literal sense. Pro Bowl defensive end Myles Garrett changed everything with the swing of a helmet."
"1"	"Cuba Gooding Jr. pleads not guilty to sex misconduct claims"	"movies-celebrity"	"NEW YORK (AP)   Cuba Gooding Jr. has pleaded not guilty to an indictment alleging two instances of sexual misconduct. Gooding appeared Tuesday before a judge in New York City and was released on his own recognizance. The new charge involves an alleged incident in October 2018. The defense paints it as a shakedown attempt. The 51-year-old "Jerry Maguire" star was previously accused of groping a woman's breast at a bar on June 9. The woman told..."
"1"	"Texas death row inmate Rodney Reed: The outcry from people seeking to stop Rodney Reed's execution is growing. The support has 'bolstered him,' his attorney says"	"newscrime"	"The outcry is growing from an army of supporters, including celebrities, clergy and state lawmakers, trying to stop the execution of Texas death row inmate Rodney Reed, who is set to die in less than two weeks."
"1"	"Girlfriend testifies at trial of man in death of his fiancee"	"newscrime"	"A woman who was having an affair with a Colorado man accused of beating his fiancee to death and burning her body testified Wednesday that he called her on Thanksgiving Day and told her she had "a mess to clean up," referring to the aftermath of the slaying."
"0"	"Lakers' Avery Bradley sidelined by hairline fracture in right leg; Davis expected to return"	"basketball_nba"	"Guard, who has been a key defensive presence, will miss a week and possibly more after sustaining the injury in a Nov. 3 game in San Antonio"
"1"	"Former Fort Worth officer who shot Atatiana Jefferson refuses to speak with detectives about her death"	"newsus"	"Detectives have seen body camera footage and heard an 8-year-old boy tell them how Atatiana Jefferson died but the officer who shot her has not shared his side of the story."
"0"	"30 Best Black Friday Deals from Costco"	"shop-holidays"	"Costco members love shopping at the warehouse store, and they'll love shopping there for holiday gifts just as much."
"1"	"Florida third grader called a 'hero' for preventing possible school shooting"	"newsus"	"A Florida third grader is being called a hero for bravely reporting a classmate who brought a loaded gun to school on Thursday."
"1"	"Browns' Garrett isn't only athlete to use equipment to fight in game"	"icehockey_nhl"	"In 1969, Bruins player Ted Green was struck in the head with a stick and had to be rushed into emergency surgery."
"1"	"Bogaletch Gebre, who fought to end female genital mutilation in Ethiopia, dies in L.A."	"newsus"	"It was Bogaletch Gebre's calming, reassuring aura coupled with her relentless energy and determination that helped her galvanize thousands of people in Ethiopia and the United States to champion women's rights and fight against the practice of female genital mutilation in her homeland. Once crowned as "the woman who began the rebellion of Ethiopian women" by the British press, Gebre was born ..."
"0"	"Five Great Holiday Cruises Worth Taking"	"internationaltravel"	"These trips will make it the merriest of seasons."
"0"	"Get the most out of your credit card with these 25 unexpected perks"	"finance-credit"	"25 unexpected credit card perks"
"1"	"New images capture missing college student on night she vanished"	"newsus"	"Alexis Crawford is a 21-year-old senior at Clark Atlanta University."
"1"	"California gets ready for more wildfires and power outages as the weather refuses to cooperate"	"newsus"	"Just as firefighters got a grip on a blaze that tore through the swanky Pacific Palisades, other Californians are at risk of unpredictable wildfires this week."
"1"	"Packers' Za'Darius Smith ticketed for marijuana in car"	"football_nfl"	"Three Green Bay Packers were briefly handcuffed after a traffic stop in Racine County. The driver, Za'Darius Smith, got tickets for speeding and pot."
"1"	"Philadelphia shooting: 10-year-old boy shot in head while walking home from school"	"newscrime"	"A 10-year-old boy walking home from school in Philadelphia was critically injured Wednesday when he was shot in the back of the head by a stray bullet, according to police."
"0"	"Man suspected of fatal shooting said he was man from 'Joker'"	"newscrime"	"Nevada authorities have said a man suspected of a fatal shooting last month was dressed as the Joker from the recently released movie of the same name and identified himself as the main character Arthur Fleck."
"0"	"Why I'm Done Celebrating The Accomplishments Of Couples"	"voices"	""What is real? How do you define real?" - Morpheus, The Matrix, 1999 I've had the "summer of six weddings." The "spring of seven baby showers." The "year with nine bachelorette weekends"   not parties, but whole weekends for some reason. And while I could tell tales of the financial strain imposed when a single person celebrates other people for their entire adulthood   and I do serve that tea boiling   instead I want to talk about feelings...."
"0"	"'Charlie's Angels' stars: Where are they now?"	"movies-gallery"	"We're checking up on former Charlie's Angels actresses to find out what they're up to today."
"1"	"Boy With Paranoid Schizophrenia Missing In Culver City"	"newscrime"	"The 15-year-old has a history of attempted suicide, police said."
"1"	"Missing West Point cadet found dead, officials say"	"newsus"	"A U.S. Military Academy cadet who vanished last week has been found dead, officials said Wednesday."
"1"	"NFL Week 8: 11 bold predictions"	"football_nfl"	"The NFL marches into its eighth week of the 2019 season. Teams realize they need to step up or expect to be out of the playoff picture."
"1"	"Report: Police investigating woman's death after Redskins' player Montae Nicholson took her to hospital"	"football_nfl"	"Police are investigating an apparent drug-overdose death of a woman after the Redskins' Montae Nicholson took her to a hospital, according to reports."
"1"	"St. Louis officer who said he was told to 'tone down gayness' awarded $19M"	"newsus"	"Sgt. Keith Wildhaber sued the department and claimed that he was told to "tone down his gayness" if he wanted to be promoted."
"1"	"Gordon Ramsay's Ferrari Monza SP2 Looks Delicious"	"autosenthusiasts"	"Good thing the roofless ride is inside because it's raining outside."
"0"	"5 arrested in connection with deadly shooting at Airbnb Halloween party"	"newscrime"	"Police have arrested five suspects in the Halloween shooting at a California Airbnb that left five partygoers dead. The arrests came during a coordinated police operation in four Northern California cities, reported San Francisco ABC station KGO. Five partygoers were killed on Halloween night at a house in the affluent town of Orinda, just east of Berkeley, that had been rented through Airbnb."
"1"	"Where will Cam Newton play in 2020? Ranking the 7 best fits, from Panthers to Dolphins"	"football_nfl"	"Carolina is still the best home for a healthy Cam Newton in 2020. But should the Panthers move on from their expensive franchise QB, there are a few landing spots that make sense, from the Dolphins to the Bears."
"1"	"Here Are the Biggest Deals We're Anticipating for Black Friday"	"shop-holidays"	"The Black Friday deals for 2019 have already begun leaking out. Get a sneak peek at what to expect from popular retailers like Costco, Walmart, and Best Buy. Browse our guide and use it to plan your attack for the biggest shopping event of the year."
"0"	"The Coolest Way to See NYC Is in a Vintage Car From the Roaring '20s on This Midtown Tour"	"ustravel"	"A new tour company called Nowaday, in New York City, will take you around in a restored, vintage car."
"1"	"MLB agent Matt Sosnick arrested for alleged domestic violence, misdemeanor child endangerment"	"baseball_mlb"	"TMZ Sports reported on Saturday that Sosnick was arrested on October 8 by Danville Police in Northern California for domestic violence and misdemeanor child endangerment."
"1"	"'After I Could Only Fit Into Extended-Size Wedding Gowns, I Started Keto And Lost Over 100 Lbs. In 16 Months'"	"voices"	""I can keep up with my children, and I couldn't do that before.""
"1"	"Chrisleys sue Georgia tax official with link to estranged daughter"	"tv-celebrity"	"Todd and Julie Chrisley claim a Georgia tax official started a relationship with Lindsie Chrisley to get dirt on them."
"1"	"Steelers LB Devin Bush disappointed he got 'shrugged off' for first time in career"	"football_nfl"	"Devin Bush has another big game but he was disappointed."
"1"	"Young trick-or-treater refills stranger's empty candy bowl with his own"	"newsgoodnews"	"The touching moment was captured on a resident's doorbell cam."
"0"	"New Research Finds Small Faults Caused Ridgecrest Earthquakes"	"lifestylebuzz"	"Caltech researchers now say those two earthquakes, which were felt throughout Southern California and in Nevada, weren't produced by just one fault   they were the result of 20 or more faults releasing energy seconds apart."
"0"	"Kentucky woman charged in death of woman missing since May"	"newscrime"	"A Kentucky woman has been charged in the death of a woman missing since spring whose remains may have been found last week."
"1"	"More than a dozen police killed in ambush in violent Mexican state"	"newsworld"	"Fourteen police have been killed in an attack in the western state of Michoacan, the federal government said on Monday, in one of the most serious blows to security forces since President Andres Manuel Lopez Obrador took office in December."
"0"	"Halle Berry Shares Photo of 6-Pack Abs on Instagram and Her Fans are Freaking Out"	"fitness"	"The 53-year-old star worked hard for those washboard abs while training for her new movie, "Bruised.""
"0"	"What to Cook This Weekend: November 15 17, 2019"	"recipes"	"An autumnal palette of yellow, orange, and red makes us feel cozy so this weekend, we're putting those colors on our plates."
"0"	"Here's how much and who you should be tipping at American hotels"	"traveltips"	"To tip or not to tip: That is the question. Well, one of them. Here's everything you should know about hotel tipping in the U.S."
"1"	"Santa Monica Pier Shooting Wounds Man In Leg"	"newscrime"	"A shooter is at large Thursday after wounding a man in a leg in the parking lot of the Santa Monica Pier."
"1"	"Fake video of Trump shooting media doesn't violate YouTube's rules, company tells CNN"	"newspolitics"	"A fake video that depicts in extremely graphic fashion President Trump attacking and shooting his critics and media outlets does not violate YouTube's policies against content that incites violence because it is "purely fictional," according to the company."
"1"	"Lions trade starting safety Quandre Diggs to Seahawks"	"football_nfl"	"The Seahawks' secondary is a long way from the Legion of Boom days, and an experienced player like Diggs was badly needed in Seattle."
"1"	"UK police investigating crash that killed teen interview US diplomat's wife"	"newsworld"	"British police say they have interviewed the suspect in a deadly crash who is said to be the wife of an American diplomat."
"0"	"Taylor Swift Rep Hits Back at Big Machine, Claims She's Actually Owed $7.9 Million in Unpaid Royalties"	"musicnews"	"Taylor Swift's team responds to Big Machine's denial."
"1"	"Enough Fentanyl To Cause 4M Overdoses Seized In Single OC Bust"	"newscrime"	"The 18 pounds of fentanyl has a street value of $1.25 million."
"0"	"Wendy's Is Turning 50 Years Old, And Is Gifting Us With Free Food Through 2020"	"foodnews"	"How thoughtful."
"0"	"Debunking the week's tabloid stories: Nov. 15, 2019"	"celebrity"	"A round-up of the week's tabloid stories that totally missed the mark."
"1"	"Brazil oil auction a 'total disaster' as bidders stay away"	"markets"	"Brazil's largest-ever auction of oil deposits flopped, sending the real tumbling, after state-controlled Petroleo Brasileiro SA did most of the bidding while other major oil companies stayed away."
"1"	"Woman who made it on Delta flight without a ticket or boarding pass says 'it's not my fault'"	"travelnews"	"The woman who managed to board a Delta flight out of Orlando insists that she bought a ticket at a kiosk, accidentally chucked her boarding pass on her way to the plane, and was let through all the screening checkpoints with just a selfie on her phone. "It's their fault," she told WKMG-TV on Tuesday. "This is not my fault." She said she does not have a driver's license so could not show that as ID. But officials searching garbage bins for 45..."
"1"	"Iowan convicted of murder claims his life-sentence was served once he died, was revived in medical emergency. The court disagrees."	"newscrime"	"An Iowa convicted of murder was rushed from prison to the hospital where his heart was restarted five times. Now he claims he should be freed"
"1"	"Rachael Ray finally opens restaurant with no physical location"	"foodnews"	"Rachael Ray is the anomaly among TV celebrity chefs in that she's never opened a restaurant. Fans have asked for it, but Ray says it's just never been in the cards. Starting today, though, you can eat food designed by Rachael Ray… just not in an actual restaurant."
"0"	"How to Make Chicken Parm Spaghetti Squash"	"videos"	"This family friendly spaghetti squash dinner is a delicious (and low-carb) twist on an old favorite: chicken Parmesan. Loads of melty cheese will make this dish an easy sell for the kids, and the veggie vessel means you're packing in plenty of nutrie"
"1"	"South Florida principal who made controversial comments about the Holocaust is fired"	"newsus"	"The South Florida principal who stirred national controversy after refusing to say the Holocaust was a "factual, historical event" was fired Wednesday during a school board meeting at the recommendation of the district's superintendent."
"1"	"NBC News President Hits Back at Ronan Farrow's Book: "We Have No Secrets and Nothing to Hide""	"newsus"	""There is no evidence of any reports of [Matt] Lauer's misconduct before his firing, no settlements, no 'hush money,'" says Noah Oppenheim in a lengthy and detailed staff memo ahead of Tuesday's release of 'Catch and Kill.'"
"1"	"Browns apologize to Mason Rudolph, call Myles Garrett's actions 'unacceptable'"	"football_nfl"	"Players often defend their teammates when commenting on an incident like the one we saw Thursday, but the immediate reaction from Mayfield and others proves just how far Garrett crossed the line."
"1"	"Black World War I soldier receives recognition decades after death"	"newsus"	"A black World War I soldier was finally recognized for his military service over the weekend, decades after he was buried in an unmarked grave in Indiana."
"1"	"Trent Richardson headlines list of surprising names not taken in XFL Draft"	"football_nfl"	"The XFL Draft concluded with no teams taking a chance on Trent Richardson despite his success in the AAF."
"1"	"Walmart Sparks Panic and Confusion in the Dish-Soap Aisle"	"finance-companies"	"Procter & Gamble didn't make enough dish soap, and Walmart is letting all its customers know about it."
"1"	"ISIS names successor to slain leader al-Baghdadi"	"newsworld"	"The militant group named Abu Ibrahim Hashimi al-Quraishi as the new leader in a message posted by its official media wing."
"0"	"Colin Kaepernick heads to Atlanta for workout"	"football_nfl"	"Despite speculation that he might not go through with Saturday's PR stunt, Colin Kaepernick will participate in the NFL's hastily organized workout."
"0"	"Will James Wiseman play for Memphis again? Explaining next steps in NCAA eligibility process"	"basketball_ncaa"	"James Wiseman and Memphis agreed on Thursday to follow the NCAA's rule of law in determining his eligibility. Here is what that most likely means for the rest of their 2019-20 season."
"0"	"South Carolina teen gets life in prison for deadly elementary school shooting"	"newsus"	"Jesse Osborne, the teenager responsible for a shooting at a South Carolina elementary school in 2016, was sentenced to life in prison."
"1"	"Full practice for Saquon Barkley on Wednesday"	"football_nfl"	"It looks like running back Saquon Barkley's absence from the Giants backfield is nearing its end. Barkley has missed the last three games with a high ankle sprain, but was able to practice on a limited basis over the last couple of weeks. He took the next step back toward the lineup on Wednesday. Head [more]"
"1"	"Disney World moves on from Skyliner accident, touts 1 million riders"	"travelnews"	"Disney announced in a new blog post that 1 million guests have been on its new Skyliner attraction   though neglected to mention a key incident."
"0"	"The most talked about movie moments of the 2010s"	"movies-gallery"	"Let's try to emphasize the positive, but there's one particular sequence that was so special in its awfulness, it had to go on this list. See if you can guess which one it is."
"1"	"Milwaukee mayor blames President's rhetoric in alleged acid attack"	"newsus"	"Milwaukee Mayor Tom Barrett issued a forceful rebuke of President Donald Trump's rhetoric Monday, three days after an alleged acid attack that has gained national attention. "This anger towards people from other countries is being fed by our president and his followers," Barrett said."
"1"	"Man suspected of fatal shooting said he was man from 'Joker'"	"newscrime"	"Nevada authorities have said a man suspected of a fatal shooting last month was dressed as the Joker from the recently released movie of the same name and identified himself as the main character Arthur Fleck."
"0"	"Browns apologize to Mason Rudolph, call Myles Garrett's actions 'unacceptable'"	"football_nfl"	"Players often defend their teammates when commenting on an incident like the one we saw Thursday, but the immediate reaction from Mayfield and others proves just how far Garrett crossed the line."
"0"	"Will you get dementia? Many may not understand their risk"	"health-news"	"New research suggests many American adults inaccurately estimate their chances for developing dementia and do useless things to prevent it."
"0"	"What to Do If Your Parents Need Financial Help"	"finance-billstopay"	"Most parents in the U.S. provide some sort of financial support to their adult children, multiple surveys have found. But often, financial aid goes the other way. A 2015 survey…"
"0"	"The One Thing You Should Start Doing with Your Butter Wrapper"	"tipsandtricks"	"Try this genius hack with your butter wrapper it's a win-win!"
"0"	"Greek donkeys are still being abused as 'tourist taxis,' PETA claims"	"travelnews"	"The animal rights group claims that legislation recently passed to protect the animals is not being enforced."
"1"	"101 Freeway Reopens After Being Closed For 11 Hours In Hollywood Due To Police Activity"	"autosnews"	"The 101 Freeway was closed in both directions at Hollywood Boulevard for about 11 hours."
"1"	"Maze of tunnels reveals remains of ancient Jerusalem"	"travelnews"	"Controversial excavations under the Holy City uncover layers of history and stoke long-standing tensions."
"0"	"The 30 best shows of Comedy Central's 30 years"	"humor"	"Comedy Central has been on the air now for 30 years. Since Nov. 15, 1989   when it was The Comedy Channel   it has been the go-to network for comedy, from original programming and movies to favorites and cult classics in syndication."
"0"	"Fashion hits and misses from the 2019 Country Music Association Awards"	"cma-awards"	"From Nicole Kidman to Pink, see the best and worst dressed stars at the 2019 Country Music Association Awards."
"1"	"Kamille 'Cupcake' McKinney's disappearance: Reward for information on missing Alabama girl increases as police search continues"	"newscrime"	"After a search of an apartment complex did not reveal new information about a missing 3-year-old girl, the police chief in Birmingham, Alabama, made an impassioned plea Wednesday for whoever took the girl to return her safely."
"1"	"Chicago Police Board expected to rule tonight on whether Officer Robert Rialmo should be fired"	"newsus"	"The Chicago Police Board is expected to rule Thursday night on whether Officer Robert Rialmo will be fired for one of the most divisive shootings in Police Department history."
"1"	"5 charged in alcohol poisoning death of UC Irvine fraternity brother"	"newscrime"	"Five young men have been charged in connection with the death of their fraternity brother, who succumbed to alcohol poisoning after a booze-soaked party this year."
"0"	"Trader Joe's New Chili Onion Crunch Spread May Be the Best Creation Ever"	"foodnews"	"While I usually tend to like the majority of things I try at Trader Joe's, the new Chili Onion Crunch Oil has stolen my heart. Here's how to use the delicious condiment."
"1"	"Kanye West requested those working on 'Jesus is King' to 'fast,' 'not have premarital sex'"	"musicnews"	"Kanye West revealed to Zane Lowe he asked people not to have premarital sex while working on "Jesus is King.""
"1"	"They were tied up as their Sherman Oaks home was robbed. One man got loose and ran for help"	"newsus"	"Police are searching for five men suspected of forcing their way into a home in Sherman Oaks late Wednesday, tying up the residents and ransacking the property. At least one of the men was armed with a handgun when the group stormed the house in the 4500 block of Tyrone Avenue about 10 p.m., said Los Angeles Police Officer Drake Madison. After tying up the residents, the robbers rifled through ..."
"0"	"He was a member of a boy band in the 90s. Now he's an ER doctor in Dallas"	"health-news"	"Just when he attained everything he had ever wanted, he realized it wasn't what he wanted."
"0"	"Here's What It Means If You Have Ridges on Your Nails"	"medical"	"They don't make for the prettiest of manicures, but are they something more than a cosmetic problem?"
"1"	"Roger Goodell Offers Vague Response To Question About Antonio Brown"	"football_nfl"	"The chances of Antonio Brown returning to the NFL this season seem to decrease with each passing day. NFL commissioner Roger Goodell was asked Wednesday about the league's investigation into"
"0"	"Opinion: Colin Kaepernick is about to get what he deserves: a chance"	"football_nfl"	"The end may be near for the 3-year-old saga of Colin Kaepernick as the quarterback is scheduled to work out for teams on Saturday."
"1"	"Former Deadliest Catch Star Jerod Sechrist Arrested, Charged with Heroin Possession"	"tv-celebrity"	"Deadliest Catch: Jerod Sechrist Charged with Heroin Possession"
"1"	"Justin Bieber uses Instagram to sell his house, plus more proof stars are nothing like us"	"entertainment-celebrity"	"Justin Bieber used Instagram to sell his house and even more reasons stars aren't like the rest of us in October 2019."
"1"	"Lions, Bills reportedly in on Melvin Gordon ahead of trade deadline"	"football_nfl"	"The impending free agent is averaging just 2.5 yards per attempt and has put up 112 rushing yards in four games."
"0"	"Celebrity PDA of 2019"	"celebrity"	"See the stars kissing and hugging on the red carpet and out and about!"
"1"	"3rd Teen Arrested For Brutal Gang Attack That Left 79-Year-Old Man With Broken Ribs"	"newscrime"	"The NYPD says a 14-year-old boy is now facing gang assault and disorderly conduct charges for the violent attack on Oct. 10."
"1"	"Man with brick in his hand arrested at David Schwimmer's home"	"tv-celebrity"	"David Schwimmer was not home when a man allegedly smashed a window at his NYC pad."
"1"	"The worst jobs in America"	"finance-career"	"Americans are increasingly miserable in their jobs. Stacker has looked at data from PayScale and the Bureau of Labor Statistics to determine the 50 worst jobs in the United States."
"1"	"Police: Cincinnati man says he stole ambulance to escape being held against his will"	"newscrime"	"Police have made an arrest after a man who broke into a Clearcreek fire station and stole an ambulance said he did so to escape being tortured and held against his will at a home across the street. The incident took place Oct. 19 around 12 p.m. when officers were called to the scene for a report that the fire station had been burglarized and an ambulance stolen. Officers at the scene discovered a broken window and were later notified that the..."
"1"	"WATCH: Driver Damages Own Car Trying To Jump Popeye's Drive-Thru Line In Crenshaw"	"newsoffbeat"	"Even as people tried to block the silver car by yelling and waving it off, the female driver seemed determined to get in the line, in spite of the damage being done to her car by the concrete posts, which left streaks of red and yellow paint."
"1"	"The Astros continue to refuse to take responsibility for the Taubman Affair"	"baseball_mlb"	"People will be teaching the Astros' response to all of this as a counterexample in crisis management courses for years."
"1"	"'We all had a good chuckle': Cowboys' 70-year-old defensive coordinator got his message across vs. Eagles"	"football_nfl"	"Cowboys defensive coordinator, 70, told his defense to 'blitz with some swagger' in a meeting, and the Cowboys delivered Sunday night against Eagles."
"1"	"Whoopi Goldberg Asks Meghan McCain to 'Respect' Her 'View' Co-Hosts During Heated Discussion"	"tvnews"	"'I'm not trying to cut you off, I'm trying to get you heard.'"
"1"	"Home-Improvement Boom Is Forecast to Fizzle"	"markets"	"Home-improvement retailers have proved to be a bright spot during an otherwise underwhelming stretch for retail stocks, but a popular predictor of remodeling spending suggests tougher times ahead."
"1"	"Man's trip to a cheese shop helps unravel missing persons case"	"newscrime"	"Kris Zocco's whereabouts the morning Kelly Dwyer was reported missing would be the first in a series of clues as to what may have happened to the 27-year-old woman"
"1"	"Panera Bread worker fired after TikTok exposed frozen mac and cheese"	"foodnews"	"On Friday, the poster said on Twitter that she was fired for the video, showing her place a frozen bag of macaroni and cheese into a vat of hot water."
"0"	"Stephanie Parze's Car Is at Home. So Is Her Phone. But She's Missing."	"newscrime"	"Her car was in the driveway. Her phone was on the couch. Her dog was running around. Everything about Stephanie Parze's home in New Jersey, her father says, seemed undisturbed   except that she was not there. The last time her mother saw Ms. Parze, they had kissed goodbye after a night out with friends and family, according to a report."
"1"	"ABC Shuts Down Orange County Craft Distillery for 25 Days for Violating 1.5 Ounce Serving Limit"	"newstrends"	"Alcohol Beverage Control is putting Blinking Owl out to dry for nearly a full month"
"1"	"John Stamos accidentally 'likes' Lori Loughlin-to-jail tweet"	"tv-celebrity"	"John Stamos said he didn't mean to like the tweet about Lori Loughlin's legal situation, and he's since unliked it."
"1"	"Touching Moment Sees Owner Reunited With Painting Stolen Decades Ago"	"newsgoodnews"	"Judy Karinen said she was out to dinner when a thief broke into her home and stole it. She has since moved but said she can hardly wait to hang the painting in her new home."
"1"	"Before his execution, a death row inmate told his victim's family he forgives them"	"newscrime"	"Charles Rhines, who was convicted of murder in the brutal stabbing of a 22-year-old man in 1992, was executed in South Dakota Monday, the state's attorney general said, after the Supreme Court denied a last-ditch appeal of his case."
"1"	"Simone Biles Shares Sweet Birthday Tribute for "Man of My Dreams" Stacey Ervin Jr."	"entertainment-celebrity"	"The accomplished gymnast has a lot to celebrate right now."
"1"	"Parkland shooter's death penalty trial set to begin in January"	"newsus"	"Parkland school shooter Nikolas Cruz's death penalty trial is set to begin in January 2020, according to a court order issued Thursday by Florida Circuit Judge Elizabeth Scherer."
"0"	"Alex Rodriguez Jokingly Talks About Marrying Jennifer Lopez During Super Bowl Halftime Show"	"tv-celebrity"	"Alex Rodriguez Talks Marrying Jennifer Lopez During Super Bowl"
"1"	"10 Facts Your History Teacher Probably Skipped Over In High School"	"lifestyledidyouknow"	"Who doesn't like to learn something new?"
"0"	"How To Make Garlic Bread Mac & Cheese By Rachael"	"videos"	"Rach's fool-proof mac and cheese base gets a tasty dose of garlic breadcrumbs in this yummy comfort food mash-up."
"1"	"Best, worst QB performances from NFL Week 8"	"football_nfl"	"Drew Bress returned, Jameis Winston regressed (some more) and Minshew Mania runs wild."
"1"	"Police: Woman found dead behind Cincinnati school was wanted in Alabama robbery"	"newscrime"	"A woman found dead near a Cincinnati high school has been identified as 18-year-old Baylee Wall, according to police in Daphne, Alabama. Wall was one of two suspects wanted in connection with an Oct. 21 hotel robbery in Daphne, a small city in the southwest part of the state near Mobile. According to authorities, Wall's alleged accomplice in the robbery, 25-year-old Gary Eubanks Jr., is still on the run. Officials say the pair robbed the..."
"0"	"Kate Middleton Took Public Transit to Her Royal Engagement Today"	"lifestyleroyals"	"It's not every day you see a royal wearing Oscar de la Renta on your morning commute."
"0"	"Doctors Warn Against Lice Found In Eyelash Extensions"	"wellness"	"Eyelash extensions are a huge beauty trend. But, there could be lice lurking in those lush lashes."
"1"	"Joe Giudice Lost 'More Than 50 Pounds' During Prison Stint"	"tv-celebrity"	"The 'Real Housewives of New Jersey' star is nearly unrecognizable after his weight loss."
"1"	"Texas inmate set to be executed for 2002 strangling death"	"newscrime"	"A white supremacist gang member on Texas' death row faces execution Wednesday evening for strangling a woman nearly 20 years ago over fears she would alert police about his drug operation. Justen Hall, 38, was condemned for the October 2002 slaying of Melanie Billhartz."
"1"	"LeBron James evacuates LA home, relocates family to hotel because of wildfires"	"basketball_nba"	"Lakers star LeBron James and his family were forced to evacuate their home in Los Angeles due to wildfires that have engulfed Southern California."
"0"	"Please Don't Yell at Your Dog!"	"lifestylebuzz"	"A new study shows it can cause long-term psychological impacts."
"1"	"Opinion: Eagles need to make a trade to become contenders in 2019 NFL season"	"football_nfl"	"The Eagles got their season back on track with a win over the Bills, but they still need reinforcements at the NFL trade deadline."
